﻿<?xml version="1.0" encoding="utf-8" ?>
<MessageList>
  <Message>
    <PID>
      <PatientIdentifier>病人ID</PatientIdentifier>
      <jiuzhenkh>就诊卡号/住院号</jiuzhenkh>
      <binganhao>病案号</binganhao>
      <shebaokh>社保卡号</shebaokh>
      <gongfeizh>公费证号</gongfeizh>
      <yingerbz>婴儿标志</yingerbz>
      <MothersIdentifier>母亲住院ID</MothersIdentifier>
      <bingrenxm>病人姓名</bingrenxm>
      <chushengrq>2014-10-30 01:01:01</chushengrq>
      <sex>性别</sex>
      <race>民族</race>
      <streetaddress>家庭地址</streetaddress>
      <city>所在市</city>
      <province>所在省</province>
      <postcode>邮编</postcode>
      <phone>手机号码</phone>
      <!--家庭电话-->
      <homephone>13137123972</homephone>
      <!--工作电话-->
      <workphone>13137123972</workphone>
      <hunyin>婚姻情况(A-分居D-离婚M-已婚S-未婚W-丧偶)</hunyin>
      <yibaokh>医保卡号</yibaokh>
      <idnumber>身份证号</idnumber>
      <EthicGroupID>民族代码</EthicGroupID>
      <EthicGroupName>民族名称</EthicGroupName>
      <BirthPlace>出生地</BirthPlace>
      <NationalityID>国籍代码</NationalityID>
      <NationalityName>国籍名称</NationalityName>
    </PID>
    <PV1>
      <SetID>挂号序号</SetID>
      <PatientClass>病人分类(E:急诊I:住院O:门诊H:体检)</PatientClass>
      <PointOfCare>病区</PointOfCare>
      <Room>病房</Room>
      <Bed>床位</Bed>
      <Facility>科室</Facility>
      <AdmissionType>入院类型(默认值R:常规)</AdmissionType>
      <AttendingDoctorID>主治医生ID</AttendingDoctorID>
      <AttendingDoctorFamilyName>主治医生姓名</AttendingDoctorFamilyName>
      <HospitalService>挂号类别</HospitalService>
      <AdmittingDoctorID>入院医生工号</AdmittingDoctorID>
      <AdmittingDoctorName>入院医生姓名</AdmittingDoctorName>
      <VisitNumber>访问号(就诊ID或住院ID)</VisitNumber>
      <ServicingFacility>挂号的上下午标志(0上午1下午2晚上)</ServicingFacility>
      <PendingLocation>就诊科室ID</PendingLocation>
      <!--就诊/住院时间-->
      <AdmitDate>2014-10-30 01:01:01</AdmitDate>
      <AlternateVisitID>就诊/住院次数</AlternateVisitID>
      <ChargePriceIndicator>费用性质</ChargePriceIndicator>
      <PatientType>费用类别</PatientType>
      <menZhenZhuYuanBZ>门诊住院标志(0门诊1住院)</menZhenZhuYuanBZ>
    </PV1>
    <ORC>
      <OrderControl>OC</OrderControl>
      <PlacerOrderNumber>申请单ID</PlacerOrderNumber>
      <FillterOrderNumber>检查号</FillterOrderNumber>
      <OrderStatus>SC</OrderStatus>
      <!--登记时间-->
      <DateTimeOfTransaction>2014-10-30 01:01:01</DateTimeOfTransaction>
      <EnteredBy>录入者</EnteredBy>
      <EnteringOrganizationIdentifier>申请科室ID</EnteringOrganizationIdentifier>
      <EnteringOrganizationText>申请科室名称</EnteringOrganizationText>
      <OrderingProviderID>申请医生ID</OrderingProviderID>
      <OrderingProviderName>申请医生姓名</OrderingProviderName>
      <OrderControlCodeReason>检查目的</OrderControlCodeReason>
    </ORC>
    <OBR>
      <PlacerOrderNumber>申请单ID</PlacerOrderNumber>
      <UniversalServiceIdentifier>检查部位ID</UniversalServiceIdentifier>
      <UniversalServiceText>检查部位名称</UniversalServiceText>
      <Priority>优先级</Priority>
      <FillterOrderNumber>检查号</FillterOrderNumber>
      <DangerCodeIdentifier>执行科室ID</DangerCodeIdentifier>
      <DangerCodeText>执行科室名称</DangerCodeText>
      <PlacerField1>注意事项</PlacerField1>
      <ChargeToPractice>费用</ChargeToPractice>
      <DiagnosticServSectID>检查类别</DiagnosticServSectID>
    </OBR>
  </Message>
</MessageList>